時間,內容,人物,標題,seg,TIME
12:33,民進黨籍台北市長候選人陳時中上午10時在臉書發布祈福照片，希望討喜的紅色讓自己開運必勝。他也表示，為了下午的電視辯論會，他盡了 12萬分努力去練習，希望能將政策清晰的說明讓市民了解，也期盼能帶給大家耳目一新的感覺。,陳時中,陳時中辯論會前為自己祈福,"['民進黨籍', '候選人', '陳時中', '10', '臉書', '發布', '討喜', '紅色', '開運', '必勝', '電視', '辯論會', '12', '萬分', '練習', '能將', '說明', '帶給', '感覺', '希望', '耳目一新', '台北市', '祈福', '期盼', '照片', '清晰', '上午', '市民', '努力', '下午', '了解', '大家', '政策', '表示', '自己']",12:33
12:41,國民黨籍台北市長候選人蔣萬安近中午12時在臉書貼文表示，下午2時的電視辯論會，相信各陣營都做了最大的努力；在他看來，這場辯論的重點是讓市民頭家來當面試官，看看誰做好了為台北打拚的準備。他期許，今天的台北需要重新出發，請所有市民頭家打開電視機或直播，一起為台北市政府面試新員工。,蔣萬安,蔣萬安辯論會前向市民發表報告,"['台北市', '台北', '市民', '國民黨', '候選人', '蔣萬安', '12', '臉書', '貼文', '電視', '辯論會', '各陣營', '看來', '這場', '辯論', '重點', '頭家來', '當面', '試官', '準備', '期許', '出發', '頭家', '打開', '電視機', '面試', '新員工', '直播', '中午', '做好', '努力', '下午', '相信', '看看', '重新', '今天', '一起', '所有', '政府', '最大', '需要', '表示']",12:41
12:48,辯論會前，無黨籍台北市長候選人黃珊珊在臉書貼文表示，直球對決、就在今天，走過24年的歷練，「我準備好了。」​黃珊珊強調，選戰走到現在，只看到烏賊戰佔據新聞版面，今天收看辯論會，她會告訴選民什麼是專業與價值。,黃珊珊,黃珊珊辯論會前強調「我準備好了」,"['辯論會', '黃珊珊', '無黨籍', '候選人', '臉書', '貼文', '直球', '對決', '走過', '24', '歷練', '準備', '強調', '選戰', '現在', '烏賊', '戰佔據', '新聞', '告訴', '選民什麼', '專業', '價值', '版面', '今天', '收看', '台北市', '看到', '表示']",12:48
13:02,下午1時民眾黨台北市長候選人黃珊珊率先進到辯論會會場，並接受媒體聯訪表示，沒有特別緊張的感覺，跟平常去議會差不多，待會辯論會申論將聚焦在市政問題。她也率先開火，再度以高端疫苗爭議，抨擊對手民進黨籍候選人陳時中，並感謝市府同仁盡心防疫，才能讓辯論會安心舉行。,黃珊珊,一襲白衣進場 黃珊珊：心情跟平常去議會差不多,"['辯論會', '候選人', '率先', '民眾黨', '黃珊珊', '進到', '會場', '媒體', '聯訪', '沒有', '特別', '緊張', '感覺', '議會', '待會', '申論將', '問題', '開火', '高端疫苗', '爭議', '抨擊', '民進黨籍', '陳時中', '並感謝', '盡心', '舉行', '市府', '防疫', '台北市', '同仁', '聚焦', '市政', '安心', '平常', '差不多', '再度', '下午', '才能', '接受', '表示']",13:02
13:20,"蔣萬安穿著選戰期間一貫的藍色西裝，但換上太太特別準備的領帶，認為看起來比較有精神。對於辯論會，他表示平常心看待，並且和團隊做了多次演練，希望和另兩位候選人交換市政想法，選戰回到公共議題討論。
",蔣萬安,配戴太太準備的領帶 蔣萬安：選戰回到公共議題討論,"['選戰', '穿著', '蔣萬安', '期間', '一貫', '藍色', '西裝', '但換', '特別', '準備', '領帶', '認為', '起來', '辯論會', '並且', '團隊', '演練', '兩位', '候選人', '交換', '公共議題', '討論', '平常心', '市政', '看待', '太太', '想法', '多次', '精神', '回到', '希望', '表示']",13:20
13:29,陳時中是第三位進場的候選人，他在西裝外套上配戴「民主前進挺18」徽章，並表示，象徵和年輕人站在一起。談到辯論會前準備，陳時中說，辯論技巧比不上另兩位民意代表，但只能用誠意把事情解釋清楚；心情上當然會緊張，只能盡其在我。對於會前高端疫苗審查持續被質疑，他強調要相信食藥署專業審查。,陳時中,戴「民主前進挺18」徽章 陳時中：和年輕人站在一起,"['陳時中', '審查', '民意代表', '進場', '候選人', '西裝', '前進', '18', '徵和年', '輕人', '談到', '辯論會', '準備', '辯論', '兩位', '用誠意', '解釋', '當然會', '緊張', '盡其', '高端疫苗', '持續', '質疑', '他強', '調要', '食藥署', '專業', '配戴', '只能', '徽章', '外套', '比不上', '第三位', '技巧', '民主', '心情', '相信', '清楚', '事情', '一起', '表示']",13:29
14:09,"蔣萬安表示，中南部孩子無論如何都要北上打拚，重振台北是市長首要目標，基隆河右岸就是新命脈，將連結南港、內湖、北投士林等科技園區，大幅增加工作機會，吸引最好廠商、人才。

另外，台北屋齡目前36年，為六都最老，蔣萬安提出將檢討都市計畫、擴大組織分制、進行建築物定期申報。

蔣萬安也指出：希望「嬰兒啼哭聲成為台北市交響樂」，因為不願意生孩子的人愈來愈多，8年來新生人數持續下探，相較於郝市府名額下降一半，因此加碼生育獎勵，從1胎2萬元提至4萬元，第2胎符合資格父母優先入住社會住宅。",蔣萬安,蔣萬安申論：1個台北、4項發展、5大中心,"['蔣萬安', '萬元', '台北', '無論', '市長', '目標', '新命脈', '將連結', '內湖', '園區', '機會', '廠商', '屋齡', '36', '將檢討', '計畫', '擴大', '組織', '分制', '進行', '建築物', '申報', '嬰兒', '聲成', '交響樂', '因為', '不願', '意生', '愈來', '年來', '人數', '持續', '相較', '名額', '加碼', '獎勵', '提至', '資格', '優先', '社會住宅', '北投', '河右岸', '南港', '孩子', '市府', '台北市', '士林', '基隆', '重振', '入住', '啼哭', '中南部', '都市', '下探', '首要', '生育', '新生', '北上', '定期', '人才', '父母', '吸引', '符合', '一半', '科技', '最好', '希望', '大幅', '指出', '下降', '另外', '如何', '提出', '增加', '工作', '因此', '目前', '表示', '就是']",14:09
14:16,蔣萬安向陳時提出7個為什麼，包括「為什麼3+11沒有會議記錄？」、「為什麼疫苗採購合約封存30年？」、「為什麼民間採購疫苗受阻？」、「為什麼放任黑心快篩流入市面？」、「為什麼由小吃店標得16億快篩標案？」、「為什麼高端第二期臨床試驗委託中資公司參與？」以及「為什麼疫情最高峰辭去指揮官、投身選舉？」,蔣萬安,蔣萬安對陳時中提7大「為什麼」,"['什麼', '採購', '疫苗', '蔣萬安', '11', '沒有', '會議記錄', '合約', '30', '民間', '標得', '16', '億快', '標案', '臨床', '試驗委', '中資', '參與', '辭去', '指揮官', '選舉', '市面', '小吃店', '黑心', '放任', '第二期', '封存', '投身', '受阻', '疫情', '最高峰', '高端', '流入', '提出', '包括', '以及', '公司']",14:16
14:21,陳時中先回應蔣萬安前面的提問，表示「裝睡的人叫不醒，十分感慨。」如果要當市長 ，1個問題問1次無法了解、2次應該明白、3次就多餘。」30年前身為牙醫師，關心台灣民主，但未曾想過踏入政治，30年過去台灣仍在討論蔣家後代問題，令人困惑。,陳時中,陳時中申論回應蔣萬安7個為什麼,"['30', '台灣', '令人困惑', '陳時中', '蔣萬安', '提問', '裝睡', '當市', '問題問', '次無法', '次應', '多餘', '為牙', '醫師', '關心', '想過', '年過', '討論', '蔣家後代', '問題', '不醒', '踏入', '先回', '感慨', '未曾', '前身', '民主', '前面', '明白', '政治', '了解', '十分', '如果', '表示']",14:21
14:28,陳時中表示前幾日看了國片「流麻溝15號」，死刑犯被槍決前留下笑容 ，犧牲來臨時用笑容面對，是台灣歷史動容的反抗。不會要求蔣萬安要為蔣家過去負責，但應更有責任要帶領台灣社會撫平傷痕。邀請兩位候選人找一天一起去看這部電影、面對歷史，會讓市民感動，是台灣社會邁向和解團結的一大步。 防疫旅館爭議，中央與地方應該是一體的，且應該要把功勞給地方，所有人都是英雄。 目前已經提出逾170項政策，包括內湖交通、社會住宅、都市更新、打造公辦寵物活水樂園等，身為政策控，這些是對市民的承諾。信維大樓的問題不論誰當選都應當成市長上任第一要務。呼籲18歲公民權，應該要把權力還給年輕人。,陳時中,陳時中：信維大樓應作為上任第一要務,"['台灣', '應該', '面對', '歷史', '社會', '笑容', '市民', '陳時中', '幾日', '國片', '流麻溝15號', '決前', '犧牲來', '臨時', '動容', '不會', '蔣萬安', '蔣家過', '負責', '但應', '有責', '任要', '帶領', '撫平傷痕', '邀請', '兩位', '候選人', '這部', '電影', '感動', '邁向', '團結', '旅館', '爭議', '一體', '功勞給', '已經', '170', '內湖交通', '社會住宅', '公辦', '寵物', '樂園', '身為', '這些', '承諾', '信維大樓', '問題', '不論', '當選', '當成', '市長', '要務', '呼籲', '18', '權力', '還給', '輕人', '死刑犯', '活水', '防疫', '一大步', '政策', '地方', '和解', '都市', '上任', '所有人', '打造', '反抗', '公民', '英雄', '更新', '留下', '一天', '第一', '中央', '一起', '提出', '要求', '包括', '目前', '表示']",14:28
14:35,黃珊珊表示，台北這8年進步有目共睹、不容抹煞，兩位說法好像在否定台北市里長及議員和市民8年的努力。她並回擊，兩位提出很多政見，但我知道公廁全面換裝免治馬桶不切實際，實務上也不可能做到預約公車，更知不能無上限大撒幣將嚴重破壞財政紀律。黃珊珊強調，台北市需重視極端氣候、能源危機、人口老化、居住正義，所以市長應要具備即戰力，立刻上手，解決問題；新任台北市長沒時間去磨合或實習。針對自己提出首都計畫雙軸線、提高容積獎勵、申辦2038年亞運、2050年減零碳排等目標，黃珊珊認為就需要即戰力，她質疑，兩位候選人何時決定參選？如果是一年前，這一年做了什麼功課？如何證明即戰力？黃珊珊指出，直到現在防疫未結束，台灣曾需要口罩、疫苗、快篩，都沒有，大部分人民更無法忍受用意識型態阻止疫曲進口，「至少我不會原諒你」，台北市已建立乾淨透明廉能政府，希望不要走回藍綠惡鬥。,黃珊珊,黃珊珊申論抨對手政策不可行 新市長需要即戰力,"['黃珊珊', '台北市', '兩位', '戰力', '廉能', '人口老化', '不切', '進步', '說法', '里長', '議員', '並回擊', '政見', '公廁', '換裝', '免治馬桶', '實際', '實務上', '預約', '公車', '更知', '大撒幣', '將嚴', '重破壞', '財政紀律', '強調', '需重視', '極端', '氣候', '危機', '正義', '市長', '應要', '具備', '解決', '問題', '時間', '實習', '針對', '計畫', '雙軸線', '容積', '獎勵', '申辦', '2038', '年亞運', '2050', '減零碳排', '目標', '認為', '即戰力', '質疑', '候選人', '何時', '決定', '參選', '什麼', '功課', '證明', '現在', '結束', '台灣', '更無法', '識型態', '疫曲', '進口', '不會', '原諒', '乾淨', '藍綠', '惡鬥', '抹煞', '一年', '磨合', '防疫', '有目共睹', '提出', '走回', '口罩', '新任', '需要', '用意', '台北', '不容', '忍受', '否定', '上限', '疫苗', '透明', '阻止', '做到', '居住', '首都', '市民', '能源', '努力', '至少', '直到', '全面', '好像', '立刻', '大部分', '人民', '希望', '指出', '不要', '很多', '如何', '提高', '建立', '政府', '所以', '不能', '知道', '如果', '表示', '可能', '自己']",14:35
14:36,陳時中提問：大巨蛋案經過17年，請教2位候選人弊案中，馬英九、郝龍斌、柯文哲三位市長中，你們認為誰要負比較大的責任？   黃珊珊答：是國民黨的弊案，柯文哲市府善後，民進黨卡關。就算是馬英九也無法處理國民黨政商關係，那蔣萬安又要如何改變。副市長卸任之前，黃珊珊已經完成跟遠雄之間議約，取回應該得到的權利金，只要大巨蛋開始營運第一天，營收千元就可以收回6元，已經可以取回馬英九時代完全不平等條約。停工是因為遠雄沒有按圖施工，最後一次變更設計就卡在中央一年半時間。   蔣萬安答：公共政策公務員違法依法究辦，尊重司法。大巨蛋有公安問題，台灣大型建設多，對大型公共建築物標準需一致，台北市政府面對遠雄18億國賠，未來會透過談判協商方式取得圓滿結果，營運方向朝著棒球及運動基地前進，將用嚴格標準檢驗相關工程品質，才會正式啟用。,ALL,交叉詰問1 大巨蛋弊案 哪位市長要負最多責任？,"['大巨蛋', '馬英九', '遠雄', '弊案', '柯文哲', '市長', '黃珊珊', '國民黨', '蔣萬安', '已經', '營運', '標準', '取回', '利金', '政商', '陳時中', '提問', '案經過', '17', '請教', '候選人', '郝龍斌', '你們', '認為', '負比', '責任', '民進黨', '卡關', '無法', '處理', '改變', '之間', '議約', '應該', '的權', '開始', '營收', '時代', '條約', '因為', '沒有', '按圖', '設計', '半時間', '公務員', '違法', '究辦', '問題', '台灣', '建設', '建築物', '面對', '18', '億國', '未來會', '透過', '談判', '協商', '圓滿', '結果', '朝著', '及運動', '前進', '將用', '嚴格', '檢驗', '相關', '品質', '啟用', '大型', '棒球', '公共政策', '市府', '台北市', '卸任', '千元', '停工', '公安', '第一天', '三位', '司法', '施工', '收回', '尊重', '依法', '可以', '公共', '平等', '就算', '一致', '基地', '工程', '方向', '取得', '一年', '正式', '之前', '中央', '只要', '完成', '完全', '方式', '如何', '一次', '得到', '政府']",14:36
15:01,"黃珊珊提問：少子女化國安危機，生育率滑落，陳時中擔任部長時，少子化辦公室只開1次，拿了7.91億元；蔣萬安提人口對策辦公室，有何兩樣？

蔣萬安答：提高生育獎勵金，生兩胎小家庭優先入住社會住宅，私立幼兒園補助增加，減輕年輕爸媽負擔，敢生、養得起、住得起。

陳時中答：台北市為何人口減少？整體育兒政策應檢查，配合0到6歲國家一起養，增加人工生殖補助，協助夫妻育兒、親職教育，設立育兒指導員、坐月子補助等。 ",ALL,交叉詰問2 生育率滑落人口對策怎麼辦,"['補助', '陳時中', '蔣萬安', '公室', '黃珊珊', '提問', '化國', '擔任', '部長', '化辦', '只開', '7.91', '億元', '對策', '有何', '兩樣', '獎勵', '生兩胎', '優先', '社會住宅', '幼兒園', '減輕', '爸媽', '負擔', '敢生', '養得', '為何', '減少', '整體育兒', '應檢查', '國家', '協助', '育兒', '親職', '設立育兒', '指導員', '生育率', '少子', '人口', '小家庭', '坐月子', '台北市', '私立', '增加', '入住', '滑落', '安危', '生育', '生殖', '子女', '夫妻', '人工', '配合', '教育', '一起', '提高', '政策']",15:01
15:15,"蔣萬安提問：高房價下民眾不敢生養，但陳時中曾否決台北市議會決議育兒津貼的想法，理由是擔心人口大量流入台北市，否決原因為何？也請黃前副市長一起答覆。

陳時中答：法案要考量衡平性，沒有否決，只是提出相關證據，希望予以考慮；我當市長當然要增加與中央溝通，事情若有道理，不是講1次不行就不行，要有責任持續與中央溝通；我跟中央關係最好，最可以溝通。

黃珊珊答：人口低是因為全國人口2020年負成長, 六都人口都下降，且防疫所賜，台北市除籍人士高達10萬人，再加上交通便利，人口轉到新北市桃園居住，重點是對症下藥；台北市優先全國做生育補助，願意生、才敢養，重點是友善托育環境，而不是只有發錢，最後也希望打造居住正義。",ALL,交叉詰問3 台北市議會生育補助提案為何曾遭否決,"['台北市', '溝通', '人口', '陳時中', '否決', '全國', '重點', '中央', '除籍', '居住', '不行', '蔣萬安', '提問', '高房', '價下', '民眾', '生養', '議會', '決議育', '兒津', '擔心', '為何', '市長', '答覆', '相關', '證據', '考慮', '當市', '當然', '有責', '任持續', '黃珊珊', '因為', '2020', '負成長', '所賜', '高達', '10', '萬人', '轉到', '新北市', '桃園', '症下藥', '優先', '補助', '願意生', '托育', '環境', '發錢', '正義', '衡平', '有否', '希望', '防疫', '友善', '考量', '若有', '法案', '生育', '不是', '便利', '打造', '予以', '想法', '道理', '流入', '理由', '交通', '最好', '加上', '不敢', '人士', '下降', '原因', '大量', '事情', '一起', '提出', '增加', '只是', '只有', '可以']",15:15
15:21,"黃珊珊提問：請問蔣萬安身為立委，對台電的財務黑洞以及內部績效不彰是否有監督？台電要求台北市企業簽限電生死狀又做了什麼努力？陳時中面對全台缺電、中央政府能源政策無法兌現，有什麼對策？台北未來重大建設面對限電問題，要「用愛發電」嗎？

陳時中答：中央對電力有做詳細規劃，台北市應該配合把電纜配電做好。台北在綠電相對其他縣市成效不彰，在住家、大樓沒有鼓勵，未來中央發電要積極和中央溝同，但對自主電力及再生能源更有責任做好。節能上，住商如何使用省電電器，和電器公司工廠可以用電有效率，讓弱勢者可以分享到省下來的電，應該要留意。

蔣萬安答：中央在台北市限電和跳電問題應該要通盤檢討，第一是缺電會造成台北整體發展眾多問題，包括全面汰換電動公車進度落後。第二是未來土地取得，停車場空間不足。第三是供電問題。2050淨零碳排目標，台北市可以仿造日本作法，汰換高耗能電器。",ALL,交叉詰問4 台北未來重大建設如何面對缺電,"['問題', '台北市', '未來', '應該', '台北', '蔣萬安', '台電', '陳時中', '電力', '電器', '中央', '立委', '做好', '黃珊珊', '提問', '請問', '身為', '財務', '內部績', '效不彰', '監督', '企業', '簽限電', '什麼', '面對', '缺電', '無法', '兌現', '有什麼', '對策', '建設面', '對限電', '用愛發電', '詳細', '規劃', '電纜', '配電', '綠電相', '縣市', '不彰', '大樓', '沒有', '鼓勵', '發電要', '積極', '溝同', '有責任', '節能', '住商', '省電電器', '工廠', '用電', '勢者', '下來', '的電', '限電', '跳電', '通盤', '檢討', '缺電會', '整體', '發展', '眾多', '換電動', '公車', '進度', '停車場', '空間', '供電', '2050', '淨零碳排', '目標', '汰換', '全台', '可以', '住家', '仿造', '有效率', '高耗能', '黑洞', '作法', '再生能源', '留意', '中央政府', '成效', '生死', '分享', '自主', '配合', '能源', '努力', '第三', '不足', '全面', '第二', '重大', '取得', '是否', '土地', '第一', '造成', '日本', '如何', '要求', '政策', '使用', '其他', '包括', '以及', '公司']",15:21
15:26,"蔣萬安提問：陳時中曾說水門外有車子，絕對不關水門，但水門用途是用來阻絕可能帶來的水災，若不關引發災難造成市民財產生命損失，如何擔則責？黃珊珊認為內湖交通要靠松山機場遷移，如何落實？

黃珊珊答：內科交通從6萬人口的工業區，改為科技園區，因而湧入18萬人，將近3倍。這是從馬英九任期開始沒有面對的都市計畫問題，增加人流和車流，但沒有增加道路面積。目前車流不可能降低，只能擴寬大橋。中期要做環狀捷運線，目前正在招標北環、南環段招標。整條環狀線串起來，就可以把車流量送到公共運輸去。若要徹底改善，松山機場是長期規劃。

陳時中表示，他強調的是關水門之前的SOP要做好，包括通知車子及檢查、外移及關閉水門的程序。也回應內湖交通，目前拓寬工程很好，但認為還有更多進步空間，例如匝道可以改善、環東線可以接遠一點等等。",ALL,交叉詰問5 水門操作與內湖交通問題,"['陳時中', '車子', '水門', '黃珊珊', '認為', '內湖交通', '機場', '車流', '招標', '松山', '蔣萬安', '提問', '水門外', '絕對', '不關', '阻絕', '帶來', '水災', '若不關', '引發', '災難', '財產', '損失', '擔則責', '遷移', '落實', '內科', '工業區', '改為', '園區', '湧入', '18', '萬人', '將近', '這是', '馬英九', '開始', '沒有面', '計畫', '問題', '面積', '擴寬', '大橋', '環狀捷', '運線', '北環', '南環段', '整條', '環狀線', '把車', '運輸', '徹底', '期規劃', '強調', '關水門', 'SOP', '檢查', '及關', '閉水門', '回應', '拓寬', '還有', '進步', '空間', '環東線', '接遠', '一點', '目前', '串起', '改善', '外移', '匝道', '可以', '如何', '增加', '人流', '若要', '都市', '任期', '可能', '流量', '公共', '用途', '送到', '做好', '程序', '市民', '生命', '中期', '通知', '道路', '交通', '等等', '科技', '工程', '因而', '降低', '例如', '人口', '只能', '之前', '造成', '正在', '包括', '表示']",15:26
15:30,"陳時中提問：趙少康先生講，民調若顯示，非綠政營分裂，國民黨與民眾黨就會兩敗俱傷，所以提議新竹換台北，要國民黨支持民眾黨新竹市長候選人高虹安，這是否是蔣萬安選情告急的下策？

請問黃珊珊，柯文哲經常「變來變去」，會不會在關鍵時刻與妳切割？棄保妳而去與國民黨交換？

蔣萬安答：心中有藍綠的人才會糾結顏色，嘴巴討論棄保心中才想著棄保。選民更想看到政策討論，而非讓棄保藍綠問題成為主訴求，並非超越藍綠而已，而是讓新任市長超越現任以及過去市長。

黃珊珊回答：8年來政治文化改變整頓前朝弊案，包括雙子星、大巨蛋等，主張公開透明、不貪汙不浪費。北市政績不容抹煞，政治文化改變已經八年，台北市政府是彩色的，有各種不同顏色，早就超越藍綠，作為市長會秉持信念，繼續組建聯合政府、廣納百川。 ",ALL,交叉詰問6 國民黨與民眾黨是否操作棄保,"['藍綠', '國民黨', '棄保', '市長', '民眾黨', '蔣萬安', '黃珊珊', '顏色', '討論', '改變', '超越', '陳時中', '提問', '民調', '顯示', '非綠政營', '就會', '兩敗', '俱傷', '提議', '候選人', '高虹安', '選情', '請問', '柯文哲', '經常', '變來', '變去', '會不會', '關鍵', '時刻', '交換', '糾結', '著棄', '選民', '問題', '成為', '主訴', '並非', '現任', '過去', '年來', '整頓', '弊案', '雙子星', '大巨蛋', '主張', '公開', '不浪費', '已經', '各種', '作為', '繼續', '組建', '聯合', '廣納', '新竹市', '抹煞', '少康', '百川', '心中', '下策', '政治', '文化', '秉持', '新竹', '台北市', '是否是', '政府', '告急', '新任', '前朝', '信念', '台北', '市政', '不容', '切割', '彩色', '嘴巴', '八年', '透明', '分裂', '而已', '人才', '早就', '先生', '回答', '而是', '支持', '看到', '政策', '不同', '所以', '包括', '以及']",15:30
15:35,"TVBS提問：台北市房價高世界數一數二，不吃不喝16年才能買得起房子。社宅設立進度緩慢，柯文哲說8年5萬戶社會住宅已確定跳票。候選人當選後如何落實居住正義，解決高房價問題？是否延續社會住宅政策？是否願意承諾設定社宅目標一旦跳票，不再競選連任？

蔣萬安答：台北人口外移問題嚴重，除了高房價，低薪也是主因之一。社宅並非萬靈丹，因此提供年輕人更多生活支持、更好就業機會，用矽谷經驗讓台北科技囊袋完整成型。

未來將保留更多戶數給40歲以下年輕人入住。至於柯市府跳票，和財務規劃、地點選擇有關係。年輕人留在台北，需要的是多元政策以及財富穩定。

黃珊珊答：興建社宅受限土地取得困難，以及在地居民溝通。台北市目前社會住宅數目超越全國數量加總，保證當選之後，興建社宅數量還是會保持全台第一。台北市居住正義，需要更多元管道實現，幫年青人圓夢提出幾項方案：1.BOT案，例如奇岩社宅。2.鼓勵旅館轉型社宅。3.TOD等都更獎勵方式取回社會住宅。4.開發許可鼓勵民間興建，租金要求民間比照社宅。5.鼓勵長者入住社宅，把公寓交給專業團隊包租代管。6.擴大包租代管誘因，讓市民釋出空屋。

陳時中答：除了直接興建社會住宅，也將積極擴充包租代管戶數，讓北市社會住宅總量超過國際標準。至於目前碰到的社會住宅興建困境，將透過跟中央協調公有地釋出等方式解決。年輕人居大不易，推動公務預算應該要編入社會租金降10%、中央補貼增加1500元等預算。居住正義比財務更重要，要讓年輕人有棲身之地。",ALL,媒體提問1 台北如何實現居住正義,"['社宅', '社會住宅', '輕人', '興建', '跳票', '包租', '代管', '台北市', '台北', '房價', '當選', '正義', '解決', '問題', '至於', '財務', '數量', '鼓勵', '民間', '預算', '居住', '入住', '租金', '多元', '居大不易', '北市', '奇岩', 'TVBS', '提問', '數一數', '16', '設立', '進度', '緩慢', '柯文哲', '萬戶', '確定', '候選人', '落實', '延續', '願意', '承諾', '設定', '目標', '競選連任', '蔣萬安', '嚴重', '高房價', '並非', '萬靈丹', '就業', '機會', '矽谷', '經驗', '囊袋', '未來將', '更多戶', '數給', '40', '規劃', '地點', '選擇', '有關', '財富', '穩定', '黃珊珊', '困難', '溝通', '數目', '全國', '保證', '還是', '實現', '圓夢', '幾項', 'BOT', '旅館', '轉型', 'TOD', '獎勵', '開發許', '可鼓勵', '交給', '專業', '團隊', '擴大', '誘因', '釋出', '陳時中', '將積極', '擴充', '戶數', '總量', '超過', '國際', '標準', '將透過', '協調', '地釋', '推動', '公務', '應該', '要編', '10%', '補貼', '1500', '正義比', '有棲身', '低薪', '空屋', '外移', '入社', '年青人', '是否', '中央', '除了', '不吃不喝', '市府', '方式', '取回', '比照', '公有', '主因', '政策', '受限', '需要', '成型', '公寓', '以及', '目前', '困境', '管道', '碰到', '超越', '保留', '留在', '完整', '更好', '房子', '市民', '方案', '科技', '居民', '例如', '一旦', '不再', '才能', '人口', '取得', '土地', '以下', '第一', '支持', '保持', '直接', '如何', '提出', '提供', '之一', '生活', '要求', '增加', '世界', '因此', '重要']",15:35
15:45,"三立提問：中共二十大之後，對台政策轉趨強硬，且強調絕不承諾放棄使用武力，請問三位候選人，是否支持被中國統一？如果答案是否定的，有沒有具體的做法和策略面對軍事恫嚇？如何維護現行的民主自由，捍衛首都安全、強化首都民防的策略？當選後會辦雙城論壇嗎？

陳時中答：當然不贊成被中國統一，台灣是主權獨立國家，名字是中華民國，這是台灣人的DNA。過去民防警覺心稍嫌不足，易流於表演形式，未來嚴肅看待；另外，城市交流是必要的，但現在所講的雙城論壇，指的是跟有侵略台灣意圖的對岸，因而要注意。

蔣萬安答：我的立場清楚，「恪遵中華民國憲法，堅守中華民國主權，捍衛台灣的民主自由法治及人權的價值。」當馬斯克談到台灣未來可以當作特別行政區，想都不用想，當然反對到底，當然捍衛中華民國主權、堅守台灣尊嚴；面對一國兩制當然反對到底，支持增加國防預算，也會繼續站在中華民國首都對等尊嚴立場。

黃珊珊答：自己立場明確，民主自由和獨裁專政不可能並存，盡力爭取和平，面對恐嚇和打壓要堅定信念，民主自由的生活方式是不可退讓底線，地方政府要做的是確保基礎設施運作和準備安全避難場所；自烏克蘭戰爭可知道台灣最強力量來自國際支持，不該把眼光侷限兩岸，未來繼續促進與多個城市交流對話的雙城論壇。中華民國是主權獨立國家，台北市作為首都，市長有三原則：和平第一、繁榮優先、人民至上。",ALL,媒體提問2 支持統一?如何維護民主自由?,"['台灣', '中華民國', '當然', '主權', '民主自由', '面對', '捍衛', '未來', '首都', '中國統', '獨立', '國家', '雙城', '論壇', '立場', '堅守', '反對', '繼續', '民防', '支持', '交流', '和平', '易流', '三立', '提問', '對台', '轉趨', '強硬', '強調', '絕不承諾放棄', '請問', '候選人', '具體', '軍事', '恫嚇', '維護', '現行', '強化', '當選後會', '辦雙', '城論壇', '陳時中', '贊成', '這是', 'DNA', '過去', '警覺', '嚴肅', '但現', '所講', '意圖', '對岸', '蔣萬安', '遵中華民國', '憲法', '及人權', '價值', '當馬斯克談', '當作', '特別', '尊嚴', '一國', '兩制', '國防', '預算', '嚴立場', '黃珊珊', '明確', '獨裁', '專政', '並存', '盡力', '爭取', '恐嚇', '壓要', '堅定', '底線', '確保', '基礎', '設施', '運作', '準備', '避難場', '自烏克蘭', '戰爭', '最強', '自國際', '不該', '兩岸', '促進', '多個', '對話', '作為', '市長', '繁榮', '優先', '稍嫌', '策略', '到底', '安全', '二十大', '三原', '城市', '台北市', '至上', '法治', '信念', '武力', '三位', '否定', '看待', '中共', '侵略', '眼光', '表演', '答案', '做法', '名字', '行政', '必要', '不用', '不足', '因而', '清楚', '力量', '不可', '注意', '是否', '人民', '第一', '另外', '形式', '方式', '如何', '生活', '增加', '政府', '政策', '使用', '地方', '知道', '如果', '可能', '自己', '可以']",15:45
16:00,"黃珊珊首先指出，感謝陳時中肯定水門要有SOP，以及蔣萬安說應該不分藍綠，這些都是我們台北市政府正在做的，但話鋒一轉，質疑兩位對手誰當選，好不容易建立的非藍非綠淨土，將重回藍綠惡鬥的惡夢

黃珊珊說，他們當選第二天，藍綠就會開戰，「我當選第二天就可以上工，更是首都第一位女性市長。」

黃珊珊強調，擔任市議員時服務不分藍綠，「百姓受苦我會痛」，因此3年前有機會承擔更多責任，就學習擔任副市長，勇敢站在防疫第一線；從政24年來，追求公平正義，努力捍衛每個人人權和自由。

最後她請大家靜下來問問自己，「脫下政黨外衣，這三位候選人誰是最適合的市長人選？所以兩黨都操作棄保，希望大家淹沒在棄保當中，藍綠兩黨花大筆金錢做廣告，用各種力量栽贓，這場選舉就是一個價值的選擇。",黃珊珊,黃珊珊結論：非藍非綠 這是一場價值選擇,"['藍綠', '黃珊珊', '當選', '市長', '兩黨', '第二天', '感謝', '陳時中', '水門', 'SOP', '蔣萬安', '應該', '這些', '我們', '但話鋒', '一轉', '質疑', '兩位', '藍非', '綠淨土', '惡鬥', '惡夢', '他們', '開戰', '強調', '擔任市', '議員時', '服務不分', '我會痛', '機會', '承擔', '多責任', '學習', '擔任', '從政', '24', '年來', '正義', '捍衛', '每個', '權和', '靜下', '問問', '脫下', '政黨', '候選人', '適合', '人選', '棄保', '沒在棄', '保當', '花大筆', '金錢', '廣告', '各種', '栽贓', '這場', '選舉', '一個', '價值', '選擇', '上工', '防疫', '大家', '台北市', '外衣', '受苦', '重回', '不分', '好不容易', '第一位', '三位', '勇敢', '公平', '人人', '年前', '女性', '追求', '首都', '百姓', '努力', '自由', '更是', '肯定', '力量', '操作', '首先', '希望', '第一', '指出', '正在', '建立', '政府', '所以', '因此', '以及', '就是', '自己', '可以']",16:00
16:05,"蔣萬安從自身經驗出發，表示他的身分從矽谷律師、到立委、以及三個孩子的爸，但是個性始終如一，把握每分每秒，做到最好。

蔣萬安強調，自己有顆年輕的心，要用家的愛與責任，擴大到讓市民安居樂業，「用我的年輕成為台北的年輕，我的創新變成用心」，也有改革決心，擔任立委時監督疫苗採購，對抗中央政府；只要能為市民爭取更多，民代經驗對台北市是加分，更能理解市民心聲與需求。

他期待，將台北打造成服務為導向的城市，走進世界，未來市民到每一個城市，都可以大聲驕傲說出，「我來自台北」。",蔣萬安,蔣萬安結論：用我的年輕成為台北的年輕,"['立委', '台北', '市民', '蔣萬安', '用家', '經驗', '出發', '矽谷', '律師', '三個', '性始', '終如', '強調', '有顆', '愛與責任', '擴大到', '樂業', '輕成', '創新', '變成', '決心', '擔任', '監督', '採購', '對抗', '能為', '爭取', '民代經驗', '心聲', '服務為', '導向', '走進', '未來', '一個', '大聲', '驕傲', '我來', '每分', '加分', '城市', '安居', '台北市', '每秒', '更能', '用心', '中央政府', '身分', '疫苗', '期待', '做到', '把握', '理解', '自身', '最好', '改革', '孩子', '需求', '造成', '只要', '世界', '但是', '以及', '表示', '自己', '可以']",16:05
16:10,"陳時中在結論中指出，2年前台灣是唯一能在疫情中舉辦職棒賽的國家，但努力的痕跡在選戰中變成邪惡的痕跡，他希望有一天可以脫下口罩，跟台灣人民說聲謝謝，說聲辛苦了，今天就是這個日子。

「被指控害死那麼多人，還敢出來選舉，說我不難過，是騙人的。」陳時中強調，沒有阻擋疫苗採購，是全世界最想公布採購過程的人，但不能為了勝選而破壞保密規範；每一個人都因為我的決定或多或少受到衝擊，罵我是應該的，可是全世界只有台灣要毀掉國產疫苗，和消費死去的同胞。

陳時中最後表示，我想保護全台灣每一個人，只是沒有做到，很抱歉，大家受苦了，我沒有想要選總統，只希望把最後一段公職旅程奉獻給台北。",陳時中,陳時中結論：只希望把最後公職旅程奉獻給台北,"['台灣', '陳時中', '痕跡', '說聲', '沒有', '採購', '每一個', '疫苗', '全世界', '結論', '中舉', '職棒', '國家', '選戰中', '變成', '脫下', '謝謝', '這個', '那麼', '還敢', '出來', '選舉', '難過', '強調', '阻擋', '過程', '勝選', '破壞', '規範', '因為', '決定', '衝擊', '應該', '要毀', '國產', '消費', '我想', '保護全', '選總統', '公職', '奉獻給', '希望', '最想', '旅程', '害死', '口罩', '抱歉', '同胞', '受苦', '指控', '台北', '或多或少', '疫情', '保密', '辛苦', '死去', '想要', '年前', '做到', '一段', '努力', '唯一', '日子', '一天', '人民', '指出', '公布', '今天', '受到', '大家', '可是', '只是', '只有', '不能', '表示', '就是', '可以']",16:10
16:20,"黃珊珊先表示，遺憾其他兩位候選人實問虛答，例如台北市電問題是現在進行式，沒有具體回答。許多提及的政見都延續柯市府已經在進行的，感謝他們肯定台北市這八年政績。已經有很好基礎，讓黃珊珊繼續接任更好。


至於辯論會給自己打幾分，她表示分數要交給市民打，不能交給自己。",黃珊珊,黃珊珊會後記者會：遺憾實問虛答,"['黃珊珊', '已經', '交給', '台北市', '遺憾', '兩位', '候選人', '實問', '虛答', '電問題', '現在', '進行式', '沒有', '具體', '許多', '政見', '延續', '進行', '感謝', '他們', '政績', '基礎', '繼續', '至於', '辯論會', '打幾分', '分數', '市府', '接任', '提及', '表示', '八年', '自己', '更好', '市民', '例如', '肯定', '回答', '其他', '不能']",16:20
16:22,陳時中感謝團隊幫忙，辯論會表現力求穩定，把想講的說清楚。自己已經盡力，在辯論會的表現分數交給觀眾打成績。也提到18歲公民權是憲政一大步，越多青年參與台灣政治才會越來越好。,陳時中,陳時中會後記者會：盡力對政策說明,"['辯論會', '表現', '陳時中', '感謝', '團隊', '幫忙', '穩定', '想講', '已經', '盡力', '分數', '交給', '觀眾', '18', '權是', '憲政', '參與', '台灣', '越來', '一大步', '打成', '力求', '公民', '提到', '青年', '清楚', '政治', '自己']",16:22
16:26,蔣萬安表示，很高興能參與辯論會，談談自己對台北市的願景，也相信市民期待選舉主軸回歸公共議題討論。這次辯論會和團隊盡力最做好準備，至於給自己的分數，市民的評價才是團隊最關心的。,蔣萬安,蔣萬安會後記者會：高興談台北市願景,"['辯論會', '團隊', '市民', '蔣萬安', '高興', '談談', '願景', '選舉', '主軸', '回歸', '公共議題', '討論', '這次', '盡力', '準備', '至於', '分數', '評價', '關心', '台北市', '自己', '期待', '做好', '相信', '表示']",16:26
